{
  "experiment_dir": "experiments\\two_step_20250810_173254",
  "best_val_accuracy": 65.78483245149911,
  "best_action_accuracy": 72.13403880070547,
  "best_actor_accuracy": 87.3015873015873,
  "test_metrics": {
    "loss": 3.8408968416764773,
    "action_acc": 67.42627345844504,
    "actor_acc": 83.78016085790885,
    "combined_acc": 60.32171581769437,
    "action_f1": 0.6693390482714452,
    "actor_f1": 0.8361006478032944
  },
  "train_history": {
    "loss": [
      3.2343266311688788,
      2.1006628913469796,
      1.511396042773171,
      1.1205600583065465,
      0.8803042082336385,
      0.677735316242594,
      0.5285879375391928,
      0.47403834708641784,
      0.4062291007372739,
      0.3481346778937644,
      0.2892039614398262,
      0.24949470400901563,
      0.258090487361423,
      0.22623537579963415,
      0.25229541892915996,
      0.20966262466584012,
      0.18743115718354023
    ],
    "action_acc": [
      36.70988654781199,
      55.753646677471636,
      66.89627228525121,
      75.32414910858995,
      80.91572123176661,
      84.35980551053484,
      89.26256077795786,
      89.82982171799027,
      90.55915721231767,
      93.0713128038898,
      94.04376012965965,
      94.85413290113452,
      94.48946515397083,
      95.78606158833063,
      95.54294975688818,
      95.98865478119936,
      95.90761750405187
    ],
    "actor_acc": [
      45.98865478119935,
      72.36628849270664,
      82.05024311183145,
      87.60129659643437,
      89.99189627228526,
      93.11183144246354,
      93.59805510534846,
      94.20583468395462,
      95.2998379254457,
      95.3808752025932,
      96.71799027552674,
      97.36628849270664,
      97.16369529983793,
      97.16369529983793,
      96.19124797406808,
      97.24473257698541,
      97.9740680713128
    ],
    "combined_acc": [
      18.233387358184768,
      42.74716369529984,
      56.3614262560778,
      66.6936790923825,
      73.82495948136143,
      79.37601296596435,
      83.91410048622366,
      84.96758508914101,
      86.66936790923825,
      88.81685575364668,
      91.12641815235008,
      92.54457050243113,
      91.81523500810373,
      93.15235008103727,
      92.17990275526742,
      93.51701782820098,
      94.08427876823339
    ]
  },
  "val_history": {
    "loss": [
      1.9416771824930754,
      1.7405852175934213,
      1.731489487517048,
      1.9373190400885865,
      2.0524608224210605,
      2.202603316013242,
      2.581203612853104,
      3.1491445248395626,
      2.5335623260954736,
      2.7947550036118063,
      2.854157807121814,
      2.7583151654878133,
      2.938063318880511,
      3.1256932343395665,
      2.656825921694997,
      4.603491703179521,
      3.066018012417874
    ],
    "action_acc": [
      53.086419753086425,
      59.9647266313933,
      65.78483245149911,
      69.84126984126983,
      69.48853615520282,
      69.66490299823633,
      69.31216931216932,
      69.1358024691358,
      68.60670194003528,
      70.01763668430335,
      74.25044091710758,
      72.8395061728395,
      70.54673721340387,
      71.95767195767195,
      71.95767195767195,
      70.01763668430335,
      73.19223985890653
    ],
    "actor_acc": [
      76.19047619047619,
      81.83421516754849,
      82.01058201058201,
      85.00881834215167,
      82.71604938271605,
      86.24338624338624,
      86.59611992945327,
      81.83421516754849,
      83.42151675485009,
      85.00881834215167,
      83.9506172839506,
      86.06701940035273,
      85.3615520282187,
      82.53968253968253,
      86.41975308641975,
      84.12698412698413,
      85.5379188712522
    ],
    "combined_acc": [
      43.03350970017637,
      51.85185185185185,
      57.84832451499118,
      61.022927689594354,
      60.317460317460316,
      62.08112874779541,
      62.257495590828924,
      60.84656084656085,
      58.90652557319223,
      61.37566137566137,
      64.55026455026454,
      64.37389770723104,
      61.552028218694886,
      63.31569664902999,
      64.55026455026454,
      61.72839506172839,
      65.25573192239858
    ]
  },
  "config": {
    "dataset_root": "FYP Dataset",
    "videos_dir": "FYP Dataset/clips320H",
    "annotations_dir": "FYP Dataset/Annotations",
    "csv_file": "FYP Dataset/videoset.csv",
    "input_channels": 3,
    "frame_size": [
      192,
      192
    ],
    "num_frames": 16,
    "temporal_stride": 1,
    "batch_size": 4,
    "num_epochs": 20,
    "learning_rate": 0.0001,
    "weight_decay": 0.0001,
    "warmup_epochs": 5,
    "backbone": "efficientnet_b3",
    "shared_backbone": false,
    "use_attention": false,
    "use_temporal_modeling": false,
    "use_feature_fusion": false,
    "use_augmentation": true,
    "horizontal_flip_prob": 0.5,
    "color_jitter_prob": 0.3,
    "random_crop_prob": 0.5,
    "mixup_alpha": 0.0,
    "cutmix_prob": 0.0,
    "auto_augment": false,
    "random_erasing": false,
    "temporal_augmentation": false,
    "action_loss_type": "cross_entropy",
    "actor_loss_type": "cross_entropy",
    "label_smoothing": 0.0,
    "focal_alpha": 0.25,
    "focal_gamma": 2.0,
    "action_weight": 1.0,
    "actor_weight": 1.0,
    "optimizer": "adam",
    "scheduler": "step",
    "step_size": 30,
    "gamma": 0.1,
    "min_lr": 1e-06,
    "dropout_rate": 0.1,
    "stochastic_depth": 0.0,
    "drop_path_rate": 0.0,
    "eval_frequency": 1,
    "save_frequency": 1,
    "log_dir": "logs_enhanced",
    "model_dir": "models_enhanced",
    "experiment_name": "two_step",
    "use_wandb": false,
    "use_tensorboard": false,
    "device": "cuda",
    "num_workers": 4,
    "pin_memory": true,
    "mixed_precision": true,
    "val_split": 0.15,
    "test_split": 0.15,
    "action_classes": [
      "climbing",
      "crawling",
      "eating",
      "flying",
      "jumping",
      "rolling",
      "running",
      "walking"
    ],
    "actor_classes": [
      "adult",
      "baby",
      "ball",
      "bird",
      "car",
      "cat",
      "dog"
    ],
    "action_to_actors": {
      "climbing": [
        "adult",
        "baby",
        "bird",
        "cat"
      ],
      "crawling": [
        "adult",
        "baby",
        "dog"
      ],
      "eating": [
        "adult",
        "bird",
        "cat",
        "dog"
      ],
      "flying": [
        "ball",
        "bird",
        "car"
      ],
      "jumping": [
        "adult",
        "ball",
        "bird",
        "car",
        "cat",
        "dog"
      ],
      "rolling": [
        "adult",
        "baby",
        "ball",
        "bird",
        "car",
        "cat",
        "dog"
      ],
      "running": [
        "adult",
        "car",
        "cat",
        "dog"
      ],
      "walking": [
        "adult",
        "baby",
        "bird",
        "cat",
        "dog"
      ]
    },
    "actor_to_actions": {
      "adult": [
        "climbing",
        "crawling",
        "eating",
        "jumping",
        "rolling",
        "running",
        "walking"
      ],
      "baby": [
        "climbing",
        "crawling",
        "rolling",
        "walking"
      ],
      "ball": [
        "flying",
        "jumping",
        "rolling"
      ],
      "bird": [
        "climbing",
        "eating",
        "flying",
        "jumping",
        "rolling",
        "walking"
      ],
      "car": [
        "flying",
        "jumping",
        "rolling",
        "running"
      ],
      "cat": [
        "climbing",
        "eating",
        "jumping",
        "rolling",
        "running",
        "walking"
      ],
      "dog": [
        "crawling",
        "eating",
        "jumping",
        "rolling",
        "running",
        "walking"
      ]
    },