{
  "experiment_dir": "experiments\\b4_final_20250811_093601",
  "best_val_accuracy": 64.55026455026454,
  "best_action_accuracy": 71.42857142857143,
  "best_actor_accuracy": 87.65432098765432,
  "test_metrics": {
    "loss": 0.3881524363348735,
    "action_acc": 69.43699731903486,
    "actor_acc": 83.91420911528151,
    "combined_acc": 61.260053619302944,
    "action_f1": 0.6948558732659631,
    "actor_f1": 0.8380927210005968
  },
  "train_history": {
    "loss": [
      1.0035453786050095,
      0.6715659205975371,
      0.5053799481552269,
      0.42218291854283607,
      0.37036948735905717,
      0.374910139253837,
      0.30844795107283,
      0.25733699762931084,
      0.20887149124733825,
      0.1734681152625423,
      0.14358467073594877,
      0.11938037962020288,
      0.11112502171934206,
      0.10580178405398977,
      0.09985773983665076,
      0.1305991494650779,
      0.11320007719836127
    ],
    "action_acc": [
      28.119935170178284,
      45.46191247974068,
      56.76661264181524,
      62.84440842787682,
      67.86871961102106,
      66.20745542949756,
      71.43435980551054,
      76.98541329011344,
      80.22690437601297,
      83.63047001620745,
      86.50729335494327,
      88.49270664505673,
      89.91085899513777,
      89.58670988654781,
      90.84278768233386,
      87.56077795786061,
      89.0194489465154
    ],
    "actor_acc": [
      30.875202593192867,
      59.15721231766613,
      70.42139384116693,
      75.32414910858995,
      78.56564019448946,
      79.94327390599676,
      82.61750405186386,
      85.6969205834684,
      88.61426256077796,
      89.62722852512157,
      91.28849270664506,
      92.86871961102106,
      92.90923824959482,
      93.27390599675851,
      93.43598055105349,
      92.09886547811993,
      92.62560777957862
    ],
    "combined_acc": [
      9.764991896272285,
      28.119935170178284,
      41.65316045380875,
      49.837925445705025,
      55.26742301458671,
      54.90275526742301,
      60.534846029173416,
      67.38249594813614,
      72.36628849270664,
      75.44570502431118,
      79.74068071312804,
      82.69854132901135,
      84.40032414910858,
      83.9546191247974,
      85.21069692058347,
      81.32090761750406,
      82.6580226904376
    ]
  },
  "val_history": {
    "loss": [
      0.5314743287966285,
      0.37259451821971107,
      0.3477136095015096,
      0.30961209007630675,
      0.3193327139302249,
      0.3008138621094781,
      0.2890502240026737,
      0.2812012745506904,
      0.29950127246370295,
      0.3037842466523805,
      0.32045167945017683,
      0.32751061863562964,
      0.35992519583730337,
      0.3354908323743869,
      0.31664223998778895,
      0.3264254510485392,
      0.3339107269426728
    ],
    "action_acc": [
      41.622574955908284,
      55.73192239858906,
      58.201058201058196,
      61.552028218694886,
      61.022927689594354,
      65.60846560846561,
      68.43033509700176,
      67.54850088183422,
      68.78306878306879,
      70.01763668430335,
      70.19400352733686,
      71.25220458553791,
      66.84303350970018,
      69.84126984126983,
      71.42857142857143,
      70.37037037037037,
      71.78130511463846
    ],
    "actor_acc": [
      62.61022927689594,
      73.89770723104057,
      75.66137566137566,
      81.65784832451499,
      80.0705467372134,
      81.12874779541445,
      83.24514991181657,
      85.71428571428571,
      85.89065255731923,
      82.89241622574956,
      85.71428571428571,
      83.24514991181657,
      86.06701940035273,
      85.00881834215167,
      87.65432098765432,
      85.18518518518519,
      85.18518518518519
    ],
    "combined_acc": [
      25.044091710758376,
      43.20987654320987,
      47.266313932980594,
      54.14462081128748,
      52.38095238095239,
      55.55555555555556,
      59.25925925925925,
      59.43562610229277,
      60.14109347442681,
      60.14109347442681,
      61.552028218694886,
      61.552028218694886,
      59.25925925925925,
      61.37566137566137,
      64.55026455026454,
      62.61022927689594,
      64.02116402116403
    ]
  },
  "config": {
    "dataset_root": "FYP Dataset",
    "videos_dir": "FYP Dataset/clips320H",
    "annotations_dir": "FYP Dataset/Annotations",
    "csv_file": "FYP Dataset/videoset.csv",
    "input_channels": 3,
    "frame_size": [
      192,
      192
    ],
    "num_frames": 16,
    "temporal_stride": 1,
    "batch_size": 4,
    "num_epochs": 30,
    "learning_rate": 0.0001,
    "weight_decay": 0.0001,
    "warmup_epochs": 5,
    "backbone": "efficientnet_b4",
    "shared_backbone": false,
    "use_attention": true,
    "use_temporal_modeling": true,
    "use_feature_fusion": true,
    "use_augmentation": true,
    "horizontal_flip_prob": 0.5,
    "color_jitter_prob": 0.4,
    "random_crop_prob": 0.6,
    "mixup_alpha": 0.2,
    "cutmix_prob": 0.3,
    "auto_augment": true,
    "random_erasing": true,
    "temporal_augmentation": true,
    "action_loss_type": "focal",
    "actor_loss_type": "focal",
    "label_smoothing": 0.1,
    "focal_alpha": 0.25,
    "focal_gamma": 2.0,
    "action_weight": 1.0,
    "actor_weight": 1.0,
    "optimizer": "adamw",
    "scheduler": "cosine_warmup",
    "step_size": 30,
    "gamma": 0.1,
    "min_lr": 1e-06,
    "dropout_rate": 0.4,
    "stochastic_depth": 0.1,
    "drop_path_rate": 0.1,
    "eval_frequency": 1,
    "save_frequency": 1,
    "log_dir": "logs_enhanced",
    "model_dir": "models_enhanced",
    "experiment_name": "b4_final",
    "use_wandb": false,
    "use_tensorboard": false,
    "device": "cuda",
    "num_workers": 4,
    "pin_memory": true,
    "mixed_precision": true,
    "val_split": 0.15,
    "test_split": 0.15,
    "action_classes": [
      "climbing",
      "crawling",
      "eating",
      "flying",
      "jumping",
      "rolling",
      "running",
      "walking"
    ],
    "actor_classes": [
      "adult",
      "baby",
      "ball",
      "bird",
      "car",
      "cat",
      "dog"
    ],
    "action_to_actors": {
      "climbing": [
        "adult",
        "baby",
        "bird",
        "cat"
      ],
      "crawling": [
        "adult",
        "baby",
        "dog"
      ],
      "eating": [
        "adult",
        "bird",
        "cat",
        "dog"
      ],
      "flying": [
        "ball",
        "bird",
        "car"
      ],
      "jumping": [
        "adult",
        "ball",
        "bird",
        "car",
        "cat",
        "dog"
      ],
      "rolling": [
        "adult",
        "baby",
        "ball",
        "bird",
        "car",
        "cat",
        "dog"
      ],
      "running": [
        "adult",
        "car",
        "cat",
        "dog"
      ],
      "walking": [
        "adult",
        "baby",
        "bird",
        "cat",
        "dog"
      ]
    },
    "actor_to_actions": {
      "adult": [
        "climbing",
        "crawling",
        "eating",
        "jumping",
        "rolling",
        "running",
        "walking"
      ],
      "baby": [
        "climbing",
        "crawling",
        "rolling",
        "walking"
      ],
      "ball": [
        "flying",
        "jumping",
        "rolling"
      ],
      "bird": [
        "climbing",
        "eating",
        "flying",
        "jumping",
        "rolling",
        "walking"
      ],
      "car": [
        "flying",
        "jumping",
        "rolling",
        "running"
      ],
      "cat": [
        "climbing",
        "eating",
        "jumping",
        "rolling",
        "running",
        "walking"
      ],
      "dog": [
        "crawling",
        "eating",
        "jumping",
        "rolling",
        "running",
        "walking"
      ]
    },