epoch,train_loss,train_action_acc,train_actor_acc,train_combined_acc,val_loss,val_action_acc,val_actor_acc,val_combined_acc
1,3.2343266311688788,36.70988654781199,45.98865478119935,18.233387358184768,1.9416771824930754,53.086419753086425,76.19047619047619,43.03350970017637
2,2.1006628913469796,55.753646677471636,72.36628849270664,42.74716369529984,1.7405852175934213,59.9647266313933,81.83421516754849,51.85185185185185
3,1.511396042773171,66.89627228525121,82.05024311183145,56.3614262560778,1.731489487517048,65.78483245149911,82.01058201058201,57.84832451499118
4,1.1205600583065465,75.32414910858995,87.60129659643437,66.6936790923825,1.9373190400885865,69.84126984126983,85.00881834215167,61.022927689594354
5,0.8803042082336385,80.91572123176661,89.99189627228526,73.82495948136143,2.0524608224210605,69.48853615520282,82.71604938271605,60.317460317460316
6,0.677735316242594,84.35980551053484,93.11183144246354,79.37601296596435,2.202603316013242,69.66490299823633,86.24338624338624,62.08112874779541
