{
  "experiment_dir": "experiments\\two_step_20250810_123130",
  "best_val_accuracy": 54.673721340388006,
  "best_action_accuracy": 63.66843033509701,
  "best_actor_accuracy": 79.71781305114638,
  "test_metrics": {
    "loss": 2.7432923846422357,
    "action_acc": 59.383378016085786,
    "actor_acc": 77.88203753351206,
    "combined_acc": 51.474530831099194,
    "action_f1": 0.5944726681450475,
    "actor_f1": 0.7790549566938951
  },
  "train_history": {
    "loss": [
      3.1805228401314127,
      2.1136850585024076,
      1.5848016833717173,
      1.2462751002280743,
      0.9501950387637337,
      0.7791786300284522
    ],
    "action_acc": [
      35.9172077922078,
      54.30194805194806,
      64.93506493506493,
      72.68668831168831,
      78.61201298701299,
      83.72564935064936
    ],
    "actor_acc": [
      49.79707792207792,
      71.99675324675324,
      81.25,
      85.87662337662337,
      88.92045454545455,
      90.3814935064935
    ],
    "combined_acc": [
      20.089285714285715,
      40.78733766233766,
      54.82954545454546,
      63.75811688311688,
      71.1038961038961,
      76.74512987012987
    ]
  },
  "val_history": {
    "loss": [
      2.2412904903922284,
      2.0856289477415486,
      2.259063654382464,
      2.4351896761168894,
      2.4909972342806803,
      2.9098340703148238
    ],
    "action_acc": [
      46.20811287477954,
      57.84832451499118,
      59.082892416225754,
      59.25925925925925,
      63.66843033509701,
      62.96296296296296
    ],
    "actor_acc": [
      72.13403880070547,
      72.4867724867725,
      79.54144620811287,
      78.1305114638448,
      79.71781305114638,
      79.01234567901234
    ],
    "combined_acc": [
      37.56613756613756,
      46.03174603174603,
      52.20458553791887,
      49.2063492063492,
      54.673721340388006,
      54.673721340388006
    ]
  },
  "config": {
    "dataset_root": "FYP Dataset",
    "videos_dir": "FYP Dataset/clips320H",
    "annotations_dir": "FYP Dataset/Annotations",
    "csv_file": "FYP Dataset/videoset.csv",
    "input_channels": 3,
    "frame_size": [
      160,
      160
    ],
    "num_frames": 8,
    "temporal_stride": 2,
    "batch_size": 8,
    "num_epochs": 30,
    "learning_rate": 0.0002,
    "weight_decay": 0.0001,
    "warmup_epochs": 0,
    "backbone": "efficientnet_b0",
    "shared_backbone": true,
    "use_attention": false,
    "use_temporal_modeling": false,
    "use_feature_fusion": false,
    "use_augmentation": true,
    "horizontal_flip_prob": 0.5,
    "color_jitter_prob": 0.3,
    "random_crop_prob": 0.5,
    "mixup_alpha": 0.0,
    "cutmix_prob": 0.0,
    "auto_augment": false,
    "random_erasing": false,
    "temporal_augmentation": false,
    "action_loss_type": "cross_entropy",
    "actor_loss_type": "cross_entropy",
    "label_smoothing": 0.0,
    "focal_alpha": 0.25,
    "focal_gamma": 2.0,
    "action_weight": 1.0,
    "actor_weight": 1.0,
    "optimizer": "adam",
    "scheduler": "step",
    "step_size": 30,
    "gamma": 0.1,
    "min_lr": 1e-06,
    "dropout_rate": 0.1,
    "stochastic_depth": 0.0,
    "drop_path_rate": 0.0,
    "eval_frequency": 1,
    "save_frequency": 1,
    "log_dir": "logs_enhanced",
    "model_dir": "models_enhanced",
    "experiment_name": "two_step",
    "use_wandb": false,
    "use_tensorboard": false,
    "device": "cuda",
    "num_workers": 4,
    "pin_memory": true,
    "mixed_precision": true,
    "val_split": 0.15,
    "test_split": 0.15,
    "action_classes": [
      "climbing",
      "crawling",
      "eating",
      "flying",
      "jumping",
      "rolling",
      "running",
      "walking"
    ],
    "actor_classes": [
      "adult",
      "baby",
      "ball",
      "bird",
      "car",
      "cat",
      "dog"
    ],
    "action_to_actors": {
      "climbing": [
        "adult",
        "baby",
        "bird",
        "cat"
      ],
      "crawling": [
        "adult",
        "baby",
        "dog"
      ],
      "eating": [
        "adult",
        "bird",
        "cat",
        "dog"
      ],
      "flying": [
        "ball",
        "bird",
        "car"
      ],
      "jumping": [
        "adult",
        "ball",
        "bird",
        "car",
        "cat",
        "dog"
      ],
      "rolling": [
        "adult",
        "baby",
        "ball",
        "bird",
        "car",
        "cat",
        "dog"
      ],
      "running": [
        "adult",
        "car",
        "cat",
        "dog"
      ],
      "walking": [
        "adult",
        "baby",
        "bird",
        "cat",
        "dog"
      ]
    },
    "actor_to_actions": {
      "adult": [
        "climbing",
        "crawling",
        "eating",
        "jumping",
        "rolling",
        "running",
        "walking"
      ],
      "baby": [
        "climbing",
        "crawling",
        "rolling",
        "walking"
      ],
      "ball": [
        "flying",
        "jumping",
        "rolling"
      ],
      "bird": [
        "climbing",
        "eating",
        "flying",
        "jumping",
        "rolling",
        "walking"
      ],
      "car": [
        "flying",
        "jumping",
        "rolling",
        "running"
      ],
      "cat": [
        "climbing",
        "eating",
        "jumping",
        "rolling",
        "running",
        "walking"
      ],
      "dog": [
        "crawling",
        "eating",
        "jumping",
        "rolling",
        "running",
        "walking"
      ]
    },
    "valid_labels": [
      11,
      12,
      13,
      15,
      16,
      17,
      18,
      19,
      21,
      22,
      26,
      28,
      29,
      34,
      35,
      36,
      39,
      41,
      43,
      44,
      45,
      46,
      48,
      49,
      54,
      55,
      56,
      57,
      59,
      61,
      63,
      65,
      66,
      67,
      68,
      69,
      72,
      73,
      75,
      76,
      77,
      78,
      79
    ],
    "hidden_dim": 512,
    "num_heads": 4,
    "num_layers": 2,
    "mlp_ratio": 2.0
  },
  "dataset_stats": {
    "train_samples": 2647,
    "val_samples": 567,
    "test_samples": 568,
    "action_counts": {
      "rolling": 732,
      "jumping": 625,
      "walking": 573,
      "eating": 415,
      "climbing": 410,
      "running": 406,
      "crawling": 311,
      "flying": 310
    },
    "actor_counts": {
      "adult": 715,
      "dog": 673,
      "cat": 620,
      "bird": 618,
      "car": 423,
      "baby": 418,
      "ball": 315
    }
  },
  "timestamp": "2025-08-10T12:32:58.161645"
}