{
  "experiment_dir": "experiments\\b4_test_5_20250811_093823",
  "best_val_accuracy": 55.55555555555556,
  "best_action_accuracy": 65.60846560846561,
  "best_actor_accuracy": 81.12874779541445,
  "test_metrics": {
    "loss": 0.331571326949036,
    "action_acc": 65.14745308310992,
    "actor_acc": 78.01608579088472,
    "combined_acc": 54.289544235924936,
    "action_f1": 0.6540930196584942,
    "actor_f1": 0.7828241653085611
  },
  "train_history": {
    "loss": [
      1.0035453786050095,
      0.6715659205975371,
      0.5053799481552269,
      0.42218291854283607,
      0.37036948735905717,
      0.374910139253837
    ],
    "action_acc": [
      28.119935170178284,
      45.46191247974068,
      56.76661264181524,
      62.84440842787682,
      67.86871961102106,
      66.20745542949756
    ],
    "actor_acc": [
      30.875202593192867,
      59.15721231766613,
      70.42139384116693,
      75.32414910858995,
      78.56564019448946,
      79.94327390599676
    ],
    "combined_acc": [
      9.764991896272285,
      28.119935170178284,
      41.65316045380875,
      49.837925445705025,
      55.26742301458671,
      54.90275526742301
    ]
  },
  "val_history": {
    "loss": [
      0.5314743287966285,
      0.37259451821971107,
      0.3477136095015096,
      0.30961209007630675,
      0.3193327139302249,
      0.3008138621094781
    ],
    "action_acc": [
      41.622574955908284,
      55.73192239858906,
      58.201058201058196,
      61.552028218694886,
      61.022927689594354,
      65.60846560846561
    ],
    "actor_acc": [
      62.61022927689594,
      73.89770723104057,
      75.66137566137566,
      81.65784832451499,
      80.0705467372134,
      81.12874779541445
    ],
    "combined_acc": [
      25.044091710758376,
      43.20987654320987,
      47.266313932980594,
      54.14462081128748,
      52.38095238095239,
      55.55555555555556
    ]
  },
  "config": {
    "dataset_root": "FYP Dataset",
    "videos_dir": "FYP Dataset/clips320H",
    "annotations_dir": "FYP Dataset/Annotations",
    "csv_file": "FYP Dataset/videoset.csv",
    "input_channels": 3,
    "frame_size": [
      192,
      192
    ],
    "num_frames": 16,
    "temporal_stride": 1,
    "batch_size": 4,
    "num_epochs": 30,
    "learning_rate": 0.0001,
    "weight_decay": 0.0001,
    "warmup_epochs": 5,
    "backbone": "efficientnet_b4",
    "shared_backbone": false,
    "use_attention": true,
    "use_temporal_modeling": true,
    "use_feature_fusion": true,
    "use_augmentation": true,
    "horizontal_flip_prob": 0.5,
    "color_jitter_prob": 0.4,
    "random_crop_prob": 0.6,
    "mixup_alpha": 0.2,
    "cutmix_prob": 0.3,
    "auto_augment": true,
    "random_erasing": true,
    "temporal_augmentation": true,
    "action_loss_type": "focal",
    "actor_loss_type": "focal",
    "label_smoothing": 0.1,
    "focal_alpha": 0.25,
    "focal_gamma": 2.0,
    "action_weight": 1.0,
    "actor_weight": 1.0,
    "optimizer": "adamw",
    "scheduler": "cosine_warmup",
    "step_size": 30,
    "gamma": 0.1,
    "min_lr": 1e-06,
    "dropout_rate": 0.4,
    "stochastic_depth": 0.1,
    "drop_path_rate": 0.1,
    "eval_frequency": 1,
    "save_frequency": 1,
    "log_dir": "logs_enhanced",
    "model_dir": "models_enhanced",
    "experiment_name": "b4_test_5",
    "use_wandb": false,
    "use_tensorboard": false,
    "device": "cuda",
    "num_workers": 4,
    "pin_memory": true,
    "mixed_precision": true,
    "val_split": 0.15,
    "test_split": 0.15,
    "action_classes": [
      "climbing",
      "crawling",
      "eating",
      "flying",
      "jumping",
      "rolling",
      "running",
      "walking"
    ],
    "actor_classes": [
      "adult",
      "baby",
      "ball",
      "bird",
      "car",
      "cat",
      "dog"
    ],
    "action_to_actors": {
      "climbing": [
        "adult",
        "baby",
        "bird",
        "cat"
      ],
      "crawling": [
        "adult",
        "baby",
        "dog"
      ],
      "eating": [
        "adult",
        "bird",
        "cat",
        "dog"
      ],
      "flying": [
        "ball",
        "bird",
        "car"
      ],
      "jumping": [
        "adult",
        "ball",
        "bird",
        "car",
        "cat",
        "dog"
      ],
      "rolling": [
        "adult",
        "baby",
        "ball",
        "bird",
        "car",
        "cat",
        "dog"
      ],
      "running": [
        "adult",
        "car",
        "cat",
        "dog"
      ],
      "walking": [
        "adult",
        "baby",
        "bird",
        "cat",
        "dog"
      ]
    },
    "actor_to_actions": {
      "adult": [
        "climbing",
        "crawling",
        "eating",
        "jumping",
        "rolling",
        "running",
        "walking"
      ],
      "baby": [
        "climbing",
        "crawling",
        "rolling",
        "walking"
      ],
      "ball": [
        "flying",
        "jumping",
        "rolling"
      ],
      "bird": [
        "climbing",
        "eating",
        "flying",
        "jumping",
        "rolling",
        "walking"
      ],
      "car": [
        "flying",
        "jumping",
        "rolling",
        "running"
      ],
      "cat": [
        "climbing",
        "eating",
        "jumping",
        "rolling",
        "running",
        "walking"
      ],
      "dog": [
        "crawling",
        "eating",
        "jumping",
        "rolling",
        "running",
        "walking"
      ]
    },
    "valid_labels": [
      11,
      12,
      13,
      15,
      16,
      17,
      18,
      19,
      21,
      22,
      26,
      28,
      29,
      34,
      35,
      36,
      39,
      41,
      43,
      44,
      45,
      46,
      48,
      49,
      54,
      55,
      56,
      57,
      59,
      61,
      63,
      65,
      66,
      67,
      68,
      69,
      72,
      73,
      75,
      76,
      77,
      78,
      79
    ],
    "hidden_dim": 512,
    "num_heads": 8,
    "num_layers": 4,
    "mlp_ratio": 4.0
  },
  "dataset_stats": {
    "train_samples": 2647,
    "val_samples": 567,
    "test_samples": 568,
    "action_counts": {
      "rolling": 732,
      "jumping": 625,
      "walking": 573,
      "eating": 415,
      "climbing": 410,
      "running": 406,
      "crawling": 311,
      "flying": 310
    },
    "actor_counts": {
      "adult": 715,
      "dog": 673,
      "cat": 620,
      "bird": 618,
      "car": 423,
      "baby": 418,
      "ball": 315
    }
  },
  "timestamp": "2025-08-11T09:40:19.565155"
}