{
  "experiment_dir": "experiments\\epochs_20_20250810_103855",
  "best_val_accuracy": 55.20282186948854,
  "best_action_accuracy": 63.66843033509701,
  "best_actor_accuracy": 79.01234567901234,
  "train_history": {
    "loss": [
      3.1805228401314127,
      2.1136850585024076,
      1.5848016833717173,
      1.2462751002280743,
      0.9501950387637337,
      0.7791786300284522,
      0.623230462446325,
      0.5856954495289496,
      0.4481218930503184,
      0.38439130541783845,
      0.31969528584196777
    ],
    "action_acc": [
      35.9172077922078,
      54.30194805194806,
      64.93506493506493,
      72.68668831168831,
      78.61201298701299,
      83.72564935064936,
      85.83603896103897,
      88.31168831168831,
      90.82792207792207,
      92.61363636363636,
      93.22240259740259
    ],
    "actor_acc": [
      49.79707792207792,
      71.99675324675324,
      81.25,
      85.87662337662337,
      88.92045454545455,
      90.3814935064935,
      93.18181818181817,
      92.57305194805194,
      94.19642857142857,
      95.12987012987013,
      96.75324675324676
    ],
    "combined_acc": [
      20.089285714285715,
      40.78733766233766,
      54.82954545454546,
      63.75811688311688,
      71.1038961038961,
      76.74512987012987,
      80.03246753246754,
      82.3051948051948,
      85.71428571428571,
      88.18993506493507,
      90.46266233766234
    ]
  },
  "val_history": {
    "loss": [
      2.2412904903922284,
      2.0856289477415486,
      2.259063654382464,
      2.4351896761168894,
      2.4909972342806803,
      2.9098340703148238,
      3.3498370231876913,
      3.1616088013413925,
      3.4104628418113143,
      3.562375364798895,
      3.5773879054566504
    ],
    "action_acc": [
      46.20811287477954,
      57.84832451499118,
      59.082892416225754,
      59.25925925925925,
      63.66843033509701,
      62.96296296296296,
      61.552028218694886,
      63.66843033509701,
      64.72663139329806,
      62.43386243386243,
      63.66843033509701
    ],
    "actor_acc": [
      72.13403880070547,
      72.4867724867725,
      79.54144620811287,
      78.1305114638448,
      79.71781305114638,
      79.01234567901234,
      78.1305114638448,
      77.77777777777779,
      77.07231040564373,
      79.71781305114638,
      79.01234567901234
    ],
    "combined_acc": [
      37.56613756613756,
      46.03174603174603,
      52.20458553791887,
      49.2063492063492,
      54.673721340388006,
      54.673721340388006,
      52.38095238095239,
      53.79188712522046,
      52.910052910052904,
      54.14462081128748,
      55.20282186948854
    ]
  },
  "test_metrics": {}
}